t,cbhIdx5,cbhIdx1
2016-12-05,1000,1000
2016-12-06,1003.581941,1010.182908
2016-12-07,1016.626527,1019.225167
2016-12-08,1023.019756,1020.387399
2016-12-09,1023.738298,1025.567065
2016-12-12,1019.155671,1017.405349
2016-12-13,1029.608357,1018.100402
2016-12-14,1027.018875,1005.585737
2016-12-15,1024.332845,1017.690053
2016-12-16,1016.754933,1015.482977
2016-12-19,1017.937225,1019.700885
2016-12-20,1021.51878,1019.121221
2016-12-21,1022.234932,1017.48478
2016-12-22,1014.836597,1006.720833
2016-12-23,1017.659224,1013.997568
2016-12-26,1017.659224,1013.997568
2016-12-27,1023.288424,1021.419117
2016-12-28,1012.764324,1006.619449
2016-12-29,1011.860086,1002.105646
2016-12-30,1003.784495,999.0071238
2017-01-02,1003.784495,999.0071238
2017-01-03,1014.746014,1006.228558
2017-01-04,1028.052936,1023.257134
2017-01-05,1029.474506,1014.535874
2017-01-06,1030.56224,1017.594186
2017-01-09,1035.314514,1017.378696
2017-01-10,1036.544419,1024.651568
2017-01-11,1031.828003,1029.756828
2017-01-12,1029.691975,1021.797248
2017-01-13,1032.613421,1028.117482
2017-01-16,1032.613421,1028.117482
2017-01-17,1027.557298,1016.459978
2017-01-18,1030.355405,1023.035395
2017-01-19,1026.601572,1011.064751
2017-01-20,1027.01239,1013.631282
2017-01-23,1025.24756,1004.427099
2017-01-24,1033.626447,1023.535046
2017-01-25,1042.24958,1036.883433
2017-01-26,1036.188118,1029.022732
2017-01-27,1033.450109,1029.206853
2017-01-30,1029.003161,1022.563469
2017-01-31,1031.706448,1030.828067
2017-02-01,1029.954111,1032.567234
2017-02-02,1028.709979,1041.847649
2017-02-03,1035.246253,1050.679136
2017-02-06,1034.790869,1048.388153
2017-02-07,1033.529057,1042.294815
2017-02-08,1034.35556,1048.518265
2017-02-09,1041.189897,1058.324301
2017-02-10,1045.194831,1060.482499
2017-02-13,1049.406691,1065.983697
2017-02-14,1051.836128,1067.152091
2017-02-15,1061.553946,1065.840304
2017-02-16,1059.849457,1056.630011
2017-02-17,1062.890684,1059.282846
2017-02-20,1062.890684,1059.282846
2017-02-21,1067.871178,1068.097411
2017-02-22,1066.382409,1056.497429
2017-02-23,1068.018196,1040.554823
2017-02-24,1069.346326,1044.286378
2017-02-27,1071.680482,1047.678987
2017-02-28,1070.106849,1034.241395
2017-03-01,1082.225787,1054.770467
2017-03-02,1077.974743,1039.108771
2017-03-03,1078.269217,1039.548902
2017-03-06,1074.612538,1033.398976
2017-03-07,1069.975831,1019.145436
2017-03-08,1066.523509,1011.768815
2017-03-09,1067.221483,1009.904559
2017-03-10,1070.984284,1014.729672
2017-03-13,1071.070037,1020.676517
2017-03-14,1065.767353,1012.564237
2017-03-15,1076.713431,1030.453022
2017-03-16,1073.068263,1030.33633
2017-03-17,1074.344934,1028.754839
2017-03-20,1073.614357,1026.717299
2017-03-21,1063.257853,1001.615021
2017-03-22,1065.001682,1008.01056
2017-03-23,1064.357666,1006.314374
2017-03-24,1064.431086,1007.439374
2017-03-27,1064.269829,1005.873551
2017-03-28,1069.5831,1018.976057
2017-03-29,1071.967406,1025.622894
2017-03-30,1072.698476,1026.247752
2017-03-31,1071.280392,1022.274931
2017-04-03,1068.032037,1016.912916
2017-04-04,1070.239326,1019.784016
2017-04-05,1068.248665,1012.830618
2017-04-06,1068.83604,1025.367233
2017-04-07,1068.177999,1023.588941
2017-04-10,1069.40424,1031.025907
2017-04-11,1066.532033,1032.060625
2017-04-12,1062.948093,1016.464718
2017-04-13,1056.245222,1000.881719
2017-04-14,1056.245222,1000.881719
2017-04-17,1063.862421,1004.523904
2017-04-18,1062.985353,1001.275346
2017-04-19,1063.190965,991.3846755
2017-04-20,1070.991575,1001.717372
2017-04-21,1069.030742,999.0796709
2017-04-24,1081.207582,1012.186269
2017-04-25,1088.640469,1024.933384
2017-04-26,1086.542777,1021.554384
2017-04-27,1089.94513,1027.139488
2017-04-28,1086.584433,1020.311662
2017-05-01,1092.487174,1021.405846
2017-05-02,1095.826074,1016.005072
2017-05-03,1093.088091,1009.807572
2017-05-04,1093.649643,996.3067978
2017-05-05,1099.784217,1010.54697
2017-05-08,1101.693816,1008.643513
2017-05-09,1102.806212,1009.634556
2017-05-10,1101.735088,1018.049269
2017-05-11,1101.292401,1014.44267
2017-05-12,1103.259493,1004.93914
2017-05-15,1107.403126,1015.319136
2017-05-16,1107.47516,1018.035143
2017-05-17,1085.516127,991.4233756
2017-05-18,1087.639303,992.2109813
2017-05-19,1092.831566,1011.666466
2017-05-22,1098.176956,1018.237085
2017-05-23,1097.990812,1023.368675
2017-05-24,1100.507531,1035.505235
2017-05-25,1104.873168,1029.159447
2017-05-26,1104.621388,1031.310377
2017-05-29,1104.621388,1031.310377
2017-05-30,1104.079675,1026.032229
2017-05-31,1105.983622,1017.629572
2017-06-01,1112.674504,1028.336414
2017-06-02,1121.341266,1025.120029
2017-06-05,1116.721303,1029.974588
2017-06-06,1115.276852,1025.656494
2017-06-07,1116.489869,1018.769599
2017-06-08,1117.066234,1027.816694
2017-06-09,1105.149202,1038.436162
2017-06-12,1101.120027,1040.537642
2017-06-13,1107.413274,1047.739988
2017-06-14,1104.499342,1029.745371
2017-06-15,1102.002709,1016.654742
2017-06-16,1102.285403,1019.332103
2017-06-19,1112.803388,1027.277009
2017-06-20,1102.804156,1011.182848
2017-06-21,1104.021672,1002.877127
2017-06-22,1102.046352,1011.84263
2017-06-23,1107.365596,1024.786037
2017-06-26,1105.548498,1030.825083
2017-06-27,1091.799978,1022.226502
2017-06-28,1102.211726,1037.581264
2017-06-29,1085.601018,1030.814843
2017-06-30,1089.090638,1036.488261
2017-07-03,1087.294817,1048.466503
2017-07-04,1087.294817,1048.466503
2017-07-05,1092.82043,1037.049125
2017-07-06,1085.116251,1017.339892
2017-07-07,1093.982967,1017.852061
2017-07-10,1092.917602,1022.275814
2017-07-11,1091.867901,1026.890285
2017-07-12,1099.750269,1043.005618
2017-07-13,1096.708878,1055.887041
2017-07-14,1104.241176,1061.055211
2017-07-17,1104.188118,1063.498593
2017-07-18,1103.945669,1061.231789
2017-07-19,1109.896864,1083.046132
2017-07-20,1111.012626,1082.807783
2017-07-21,1110.504703,1076.873771
2017-07-24,1108.164767,1072.993364
2017-07-25,1109.409159,1086.858024
2017-07-26,1110.748684,1084.400005
2017-07-27,1113.975503,1086.168073
2017-07-28,1107.360217,1084.173967
2017-07-31,1104.549751,1084.122924
2017-08-01,1107.33433,1076.150551
2017-08-02,1105.847799,1062.001079
2017-08-03,1104.471581,1052.875322
2017-08-04,1104.126141,1055.842821
2017-08-07,1104.997394,1053.057634
2017-08-08,1101.262684,1044.664309
2017-08-09,1099.131657,1040.786476
2017-08-10,1087.98021,1017.16255
2017-08-11,1089.770511,1021.748283
2017-08-14,1098.457545,1030.841469
2017-08-15,1097.203164,1023.725392
2017-08-16,1100.782531,1029.800378
2017-08-17,1086.253343,1009.737871
2017-08-18,1086.422676,1010.995447
2017-08-21,1089.338413,1015.286831
2017-08-22,1098.280233,1029.405986
2017-08-23,1093.456323,1034.666055
2017-08-24,1091.878918,1040.139111
2017-08-25,1092.706386,1039.748688
2017-08-28,1093.690689,1036.367917
2017-08-29,1093.695461,1037.449088
2017-08-30,1097.867811,1037.034289
2017-08-31,1105.658856,1051.619273
2017-09-01,1106.649478,1063.994647
2017-09-04,1106.649478,1063.994647
2017-09-05,1099.950103,1052.449725
2017-09-06,1101.552695,1055.66366
2017-09-07,1106.840945,1062.189062
2017-09-08,1106.628697,1049.23037
2017-09-11,1118.471476,1062.832938
2017-09-12,1119.773633,1073.468135
2017-09-13,1121.472304,1080.078913
2017-09-14,1121.683556,1071.717563
2017-09-15,1123.084711,1075.422913
2017-09-18,1120.953111,1078.294203
2017-09-19,1121.10002,1072.103153
2017-09-20,1122.127005,1081.339053
2017-09-21,1116.522963,1081.423486
2017-09-22,1116.943639,1091.819304
2017-09-25,1113.253759,1092.104877
2017-09-26,1110.876068,1098.378708
2017-09-27,1112.131018,1115.012367
2017-09-28,1114.406455,1108.286083
2017-09-29,1117.921106,1113.132683
2017-10-02,1125.347993,1124.269524
2017-10-03,1127.857734,1127.600496
2017-10-04,1131.688151,1126.168846
2017-10-05,1136.355808,1130.8878
2017-10-06,1134.242063,1120.87352
2017-10-09,1131.289986,1116.328839
2017-10-10,1133.948175,1108.417301
2017-10-11,1135.145864,1108.50227
2017-10-12,1134.15087,1109.574567
2017-10-13,1138.824953,1111.577789
2017-10-16,1137.555459,1112.674061
2017-10-17,1134.542442,1110.437576
2017-10-18,1132.69037,1113.624867
2017-10-19,1132.651604,1110.92819
2017-10-20,1133.500925,1114.255829
2017-10-23,1130.526419,1099.482423
2017-10-24,1127.910786,1101.857212
2017-10-25,1120.763559,1091.399926
2017-10-26,1126.553002,1086.734662
2017-10-27,1129.037957,1067.719897
2017-10-30,1122.818067,1058.703211
2017-10-31,1126.327067,1073.219593
2017-11-01,1128.794346,1073.751224
2017-11-02,1127.649758,1068.374035
2017-11-03,1128.168965,1077.891246
2017-11-06,1128.927902,1085.48031
2017-11-07,1129.13456,1082.389115
2017-11-08,1130.850159,1085.285331
2017-11-09,1126.323476,1083.537573
2017-11-10,1129.733951,1085.745043
2017-11-13,1134.300951,1086.699108
2017-11-14,1134.358611,1083.796496
2017-11-15,1127.860774,1074.530379
2017-11-16,1139.284102,1084.449347
2017-11-17,1140.478109,1082.35551
2017-11-20,1141.740317,1082.25492
2017-11-21,1149.807974,1093.551645
2017-11-22,1146.441557,1096.614788
2017-11-23,1146.441557,1096.614788
2017-11-24,1148.164478,1100.195293
2017-11-27,1146.157758,1096.044219
2017-11-28,1153.462648,1100.295953
2017-11-29,1151.039922,1094.85824
2017-11-30,1159.117166,1091.773437
2017-12-01,1156.737544,1092.938319
2017-12-04,1154.631444,1081.981533
2017-12-05,1152.989911,1075.687197
2017-12-06,1155.650896,1069.555936
2017-12-07,1161.001509,1075.431944
2017-12-08,1166.468427,1075.414528
2017-12-11,1168.897381,1080.676808
2017-12-12,1168.175071,1080.02695
2017-12-13,1170.220029,1081.099913
2017-12-14,1168.158094,1077.020307
2017-12-15,1180.214107,1082.455405
2017-12-18,1189.147066,1089.698645
2017-12-19,1186.249184,1076.016651
2017-12-20,1186.560756,1075.441475
2017-12-21,1185.589932,1080.326474
2017-12-22,1185.460209,1084.073253
2017-12-25,1185.460209,1084.073253
2017-12-26,1184.636053,1086.659299
2017-12-27,1186.645652,1087.088371
2017-12-28,1189.108151,1092.077246
2017-12-29,1184.390747,1087.951208
2018-01-01,1184.390747,1087.951208
2018-01-02,1192.382438,1095.513372
2018-01-03,1197.829975,1099.313907
2018-01-04,1200.972118,1095.57929
2018-01-05,1208.420155,1103.011374
2018-01-08,1211.924677,1107.665408
2018-01-09,1207.495051,1107.309263
2018-01-10,1203.437808,1107.820857
2018-01-11,1214.202936,1121.467493
2018-01-12,1221.993643,1130.764543
2018-01-15,1221.993643,1130.764543
2018-01-16,1216.908778,1131.55902
2018-01-17,1233.738337,1128.842821
2018-01-18,1230.168103,1124.001315
2018-01-19,1239.41161,1125.19998
2018-01-22,1248.790693,1137.648
2018-01-23,1250.001322,1152.911399
2018-01-24,1240.103431,1151.04916
2018-01-25,1237.829182,1152.972239
2018-01-26,1259.517448,1165.54486
2018-01-29,1250.549525,1162.123665
2018-01-30,1239.909035,1153.202114
2018-01-31,1235.782891,1157.336174
2018-02-01,1233.83701,1142.055713
2018-02-02,1211.383333,1132.08576
2018-02-05,1167.153933,1090.111263
2018-02-06,1182.47822,1109.80096
2018-02-07,1182.191028,1103.439943
2018-02-08,1142.656653,1062.344277
2018-02-09,1150.3821,1070.560384
2018-02-12,1164.143193,1087.743486
2018-02-13,1168.357594,1092.140339
2018-02-14,1182.513148,1108.303974
2018-02-15,1195.630373,1120.459484
2018-02-16,1196.904828,1120.632538
2018-02-19,1196.904828,1120.632538
2018-02-20,1189.601946,1116.459475
2018-02-21,1183.20401,1111.61621
2018-02-22,1183.917642,1111.647409
2018-02-23,1198.374571,1128.589697
2018-02-26,1207.327365,1143.923292
2018-02-27,1192.947007,1129.404602
2018-02-28,1185.949827,1118.949246
2018-03-01,1178.696476,1110.188461
2018-03-02,1189.861723,1119.625936
2018-03-05,1202.729762,1134.592562
2018-03-06,1210.034582,1136.404137
2018-03-07,1209.016636,1137.098623
2018-03-08,1215.641254,1142.135741
2018-03-09,1228.656597,1159.496316
2018-03-12,1228.61042,1163.940802
2018-03-13,1224.576196,1157.362493
2018-03-14,1216.480611,1155.23988
2018-03-15,1207.794202,1151.162878
2018-03-16,1210.911784,1153.871839
2018-03-19,1196.61392,1136.57025
2018-03-20,1195.722193,1144.61267
2018-03-21,1195.368935,1145.198549
2018-03-22,1175.835141,1116.504105
2018-03-23,1153.844266,1095.313041
2018-03-26,1173.663028,1120.153363
2018-03-27,1163.371663,1100.030222
2018-03-28,1163.844099,1085.45319
2018-03-29,1175.407528,1099.897851
2018-03-30,1175.407528,1099.897851
2018-04-02,1149.265784,1070.549037
2018-04-03,1163.785463,1083.529437
2018-04-04,1174.483534,1093.365233
2018-04-05,1182.569057,1106.194291
2018-04-06,1161.642863,1081.585441
2018-04-09,1165.267412,1085.129384
2018-04-10,1180.336831,1105.105799
2018-04-11,1176.402385,1104.184146
2018-04-12,1182.96707,1107.470724
2018-04-13,1180.238005,1106.791776
2018-04-16,1190.859803,1112.537152
2018-04-17,1200.864597,1131.059083
2018-04-18,1202.025468,1139.83117
2018-04-19,1187.507232,1137.072131
2018-04-20,1178.891682,1125.600985
2018-04-23,1178.059335,1126.452587
2018-04-24,1163.542251,1109.835034
2018-04-25,1163.340202,1111.259906
2018-04-26,1170.879659,1128.277266
2018-04-27,1171.533401,1130.554388
2018-04-30,1160.849585,1125.156457
2018-05-01,1159.430473,1130.212472
2018-05-02,1151.978981,1124.077268
2018-05-03,1151.36204,1121.533724
2018-05-04,1164.539365,1134.939494
2018-05-07,1166.703843,1144.540588
2018-05-08,1159.56722,1144.065133
2018-05-09,1169.552834,1155.437219
2018-05-10,1179.287266,1165.993842
2018-05-11,1181.175606,1165.854471
2018-05-14,1180.785657,1168.339197
2018-05-15,1175.380384,1158.000137
2018-05-16,1181.556224,1164.889294
2018-05-17,1183.607616,1164.128884
2018-05-18,1182.491174,1163.659889
2018-05-21,1186.893755,1172.703428
2018-05-22,1183.374596,1166.232258
2018-05-23,1186.669001,1172.936612
2018-05-24,1185.531238,1169.641005
2018-05-25,1187.134542,1166.718092
2018-05-28,1187.134542,1166.718092
2018-05-29,1179.763781,1160.291665
2018-05-30,1190.177168,1177.899185
2018-05-31,1179.862011,1172.290819
2018-06-01,1188.999222,1181.385689
2018-06-04,1197.237423,1187.214113
2018-06-05,1204.020714,1191.556987
2018-06-06,1210.242379,1198.670992
2018-06-07,1211.276057,1194.112078
2018-06-08,1219.149797,1199.033639
2018-06-11,1221.310218,1201.878296
2018-06-12,1229.75245,1210.099663
2018-06-13,1224.925204,1208.023798
2018-06-14,1232.055818,1218.688372
2018-06-15,1236.293358,1215.715117
2018-06-18,1234.879286,1215.975833
2018-06-19,1232.003522,1215.906289
2018-06-20,1235.850697,1225.433482
2018-06-21,1228.554803,1219.936985
2018-06-22,1231.719442,1217.72026
2018-06-25,1218.92189,1188.21399
2018-06-26,1221.358029,1203.059272
2018-06-27,1206.939517,1186.791851
2018-06-28,1214.268145,1198.690705
2018-06-29,1215.07839,1201.755197
2018-07-02,1216.831613,1206.61617
2018-07-03,1216.665882,1200.229742
2018-07-04,1216.665882,1200.229742
2018-07-05,1229.46493,1212.450586
2018-07-06,1240.475594,1227.575933
2018-07-09,1240.645541,1238.415301
2018-07-10,1246.479599,1241.905393
2018-07-11,1240.763228,1239.178496
2018-07-12,1248.144507,1256.075823
2018-07-13,1250.433203,1254.256496
2018-07-16,1244.040909,1251.020029
2018-07-17,1251.613176,1254.491647
2018-07-18,1251.24686,1255.442861
2018-07-19,1249.394037,1247.533553
2018-07-20,1247.427303,1240.355232
2018-07-23,1247.51706,1239.592056
2018-07-24,1239.855143,1241.701439
2018-07-25,1252.618394,1257.321743
2018-07-26,1257.038512,1250.658125
2018-07-27,1245.30005,1237.520142
2018-07-30,1233.818851,1219.755952
2018-07-31,1242.475785,1233.381772
2018-08-01,1238.618984,1235.902882
2018-08-02,1250.759985,1247.704098
2018-08-03,1253.96001,1247.863033
2018-08-06,1261.000844,1258.631662
2018-08-07,1266.261036,1263.128635
2018-08-08,1263.731113,1266.514657
2018-08-09,1262.44244,1266.172455
2018-08-10,1259.514018,1257.002422
2018-08-13,1253.115259,1253.411719
2018-08-14,1264.232741,1261.591282
2018-08-15,1244.178513,1241.14429
2018-08-16,1251.899557,1239.837229
2018-08-17,1258.083838,1238.323925
2018-08-20,1264.912731,1241.522793
2018-08-21,1270.628418,1247.113065
2018-08-22,1273.449646,1254.314755
2018-08-23,1272.170335,1252.310919
2018-08-24,1281.732746,1267.063165
2018-08-27,1288.702062,1280.277927
2018-08-28,1288.965356,1280.306245
2018-08-29,1299.438624,1296.766777
2018-08-30,1297.035407,1293.228918
2018-08-31,1298.250249,1290.613071
2018-09-03,1298.250249,1290.613071
2018-09-04,1295.188589,1282.870193
2018-09-05,1288.924958,1260.174141
2018-09-06,1279.495821,1247.208272
2018-09-07,1278.226116,1245.83863
2018-09-10,1282.782534,1250.236192
2018-09-11,1285.105237,1260.413328
2018-09-12,1287.281809,1261.287503
2018-09-13,1291.628185,1265.64853
2018-09-14,1290.306944,1266.366024
2018-09-17,1280.683768,1246.442481
2018-09-18,1290.634697,1256.505539
2018-09-19,1286.994819,1253.398394
2018-09-20,1297.60571,1262.188323
2018-09-21,1301.074186,1251.998247
2018-09-24,1293.63097,1257.044954
2018-09-25,1293.539194,1261.674771
2018-09-26,1291.478443,1262.46008
2018-09-27,1291.182942,1273.548609
2018-09-28,1292.927233,1270.894188
2018-10-01,1295.896165,1272.261286
2018-10-02,1294.446338,1259.945706
2018-10-03,1297.926278,1260.821731
2018-10-04,1285.34117,1234.94355
2018-10-05,1275.738847,1224.481197
2018-10-08,1273.494526,1212.974018
2018-10-09,1266.247153,1211.794607
2018-10-10,1223.710581,1153.178617
2018-10-11,1199.067797,1137.080687
2018-10-12,1212.462538,1165.964507
2018-10-15,1211.678988,1151.425644
2018-10-16,1240.676906,1187.223889
2018-10-17,1234.008413,1188.307906
2018-10-18,1218.514661,1161.945426
2018-10-19,1209.257793,1158.077041
2018-10-22,1206.805339,1161.647576
2018-10-23,1186.676654,1155.383837
2018-10-24,1142.965482,1098.376274
2018-10-25,1162.568742,1137.354967
2018-10-26,1150.998265,1097.924709
2018-10-29,1144.459144,1063.410869
2018-10-30,1164.811986,1074.210511
2018-10-31,1166.608933,1102.542713
2018-11-01,1187.803397,1122.071502
2018-11-02,1183.795325,1113.724237
2018-11-05,1187.870687,1106.630008
2018-11-06,1192.851164,1112.411806
2018-11-07,1211.694113,1154.898171
2018-11-08,1204.604098,1147.33614
2018-11-09,1194.695832,1126.079076
2018-11-12,1174.812543,1085.83894
2018-11-13,1172.342867,1086.356812
2018-11-14,1165.092813,1073.60417
2018-11-15,1174.591876,1091.278831
2018-11-16,1183.205143,1077.172837
2018-11-19,1166.256122,1028.316696
2018-11-20,1142.99288,1016.262685
2018-11-21,1153.470659,1027.469434
2018-11-22,1153.470659,1027.469434
2018-11-23,1146.047448,1021.799874
2018-11-26,1156.918015,1051.669696
2018-11-27,1156.102445,1051.876812
2018-11-28,1175.181429,1097.39763
2018-11-29,1173.035856,1095.863403
2018-11-30,1177.228752,1104.01685
2018-12-03,1196.524391,1130.437984
2018-12-04,1167.304831,1082.281145
2018-12-05,1167.304831,1082.281145
2018-12-06,1167.766232,1094.313545
2018-12-07,1146.769034,1055.718719
2018-12-10,1146.411523,1064.421369
2018-12-11,1148.55036,1063.486223
2018-12-12,1149.459414,1074.039799
2018-12-13,1150.689278,1070.762098
2018-12-14,1139.932703,1042.438203
2018-12-17,1112.857858,1007.147675
2018-12-18,1110.477224,1017.422848
2018-12-19,1099.232793,996.5873941
2018-12-20,1084.943443,975.4787856
2018-12-21,1071.024726,940.9025065
2018-12-24,1038.72761,917.0619718
2018-12-25,1038.72761,917.0619718
2018-12-26,1078.360149,978.3747039
2018-12-27,1087.53545,983.1338336
2018-12-28,1084.673655,986.1940612
2018-12-31,1094.566473,998.4346935
2019-01-01,1094.566473,998.4346935
2019-01-02,1094.849146,999.5190806
2019-01-03,1085.780981,974.4413851
2019-01-04,1114.480157,1019.511142
2019-01-07,1124.98567,1043.323403
2019-01-08,1140.881474,1058.267318
2019-01-09,1139.836372,1065.902899
2019-01-10,1145.514176,1072.480869
2019-01-11,1147.303028,1072.642185
2019-01-14,1138.450291,1062.343728
2019-01-15,1144.43872,1088.124506
2019-01-16,1142.046457,1089.070915
2019-01-17,1145.519669,1098.524635
2019-01-18,1158.915647,1106.256267
2019-01-21,1158.915647,1106.256267
2019-01-22,1139.761158,1085.751903
2019-01-23,1149.011474,1084.697925
2019-01-24,1147.67419,1090.742803
2019-01-25,1155.916004,1105.224223
2019-01-28,1152.018213,1093.340887
2019-01-29,1149.281651,1082.99239
2019-01-30,1156.762563,1108.66935
2019-01-31,1174.652576,1122.707076
2019-02-01,1177.745472,1114.714424
2019-02-04,1178.619268,1124.720709
2019-02-05,1183.10473,1132.435453
2019-02-06,1179.277058,1125.870795
2019-02-07,1170.127192,1115.803762
2019-02-08,1172.464932,1120.053999
2019-02-11,1175.298238,1126.963576
2019-02-12,1185.99025,1145.255959
2019-02-13,1189.020379,1145.934729
2019-02-14,1188.895135,1145.068491
2019-02-15,1201.367077,1150.618078
2019-02-18,1201.367077,1150.618078
2019-02-19,1206.941353,1153.294325
2019-02-20,1213.637972,1151.806434
2019-02-21,1212.746944,1147.207599
2019-02-22,1223.442985,1154.899994
2019-02-25,1218.71112,1155.84824
2019-02-26,1214.219428,1156.124813
2019-02-27,1212.659919,1159.451991
2019-02-28,1205.67285,1157.791942
2019-03-01,1213.860364,1172.566217
2019-03-04,1209.430266,1162.737252
2019-03-05,1205.564315,1159.087573
2019-03-06,1197.499988,1145.841542
2019-03-07,1190.69271,1134.169334
2019-03-08,1187.328851,1131.589203
2019-03-11,1210.624605,1155.200517
2019-03-12,1216.312649,1159.619537
2019-03-13,1223.155421,1168.37836
2019-03-14,1225.600767,1167.874084
2019-03-15,1232.761382,1169.802081
2019-03-18,1238.95388,1176.044633
2019-03-19,1237.882956,1181.162573
2019-03-20,1237.081758,1184.20089
2019-03-21,1257.409288,1202.593711
2019-03-22,1230.372311,1174.666822
2019-03-25,1229.274792,1175.986336
2019-03-26,1235.198469,1183.155891
2019-03-27,1234.386505,1172.168109
2019-03-28,1240.557002,1178.500319
2019-03-29,1248.009836,1186.877898
2019-04-01,1260.473671,1200.00299
2019-04-02,1262.563175,1199.726069
2019-04-03,1265.309211,1204.335009
2019-04-04,1262.985815,1206.375922
2019-04-05,1269.208395,1217.078823
2019-04-08,1276.368112,1217.568813
2019-04-09,1270.107696,1207.905932
2019-04-10,1276.624352,1217.679969
2019-04-11,1275.997995,1213.079744
2019-04-12,1284.568941,1214.371483
2019-04-15,1283.020894,1213.408222
2019-04-16,1284.987498,1206.7201
2019-04-17,1288.959175,1190.065481
2019-04-18,1290.961941,1193.451019
2019-04-19,1290.961941,1193.451019
2019-04-22,1292.570719,1196.22301
2019-04-23,1300.118819,1214.674175
2019-04-24,1302.283969,1213.7355
2019-04-25,1290.223843,1203.001453
2019-04-26,1298.469989,1218.410357
2019-04-29,1299.389347,1218.190823
2019-04-30,1300.340112,1212.996985
2019-05-01,1300.055583,1204.466624
2019-05-02,1296.870674,1198.26334
2019-05-03,1309.427351,1212.791995
2019-05-06,1304.561003,1215.687673
2019-05-07,1286.522936,1194.694455
2019-05-08,1286.072175,1190.304244
2019-05-09,1285.100569,1182.76467
2019-05-10,1293.567244,1186.39049
2019-05-13,1266.21554,1157.738319
2019-05-14,1278.68671,1169.438342
2019-05-15,1286.313072,1177.205361
2019-05-16,1299.560648,1179.815687
2019-05-17,1293.170962,1174.093653
2019-05-20,1284.031298,1167.752994
2019-05-21,1296.022972,1182.753979
2019-05-22,1293.740022,1178.365788
2019-05-23,1277.014187,1157.561858
2019-05-24,1278.688319,1154.752456
2019-05-27,1278.688319,1154.752456
2019-05-28,1269.624974,1137.876762
2019-05-29,1260.907531,1136.179778
2019-05-30,1269.702157,1137.261454
2019-05-31,1257.158645,1124.783754
2019-06-03,1256.194805,1122.394519
2019-06-04,1282.878291,1155.303312
2019-06-05,1295.270818,1154.204529
2019-06-06,1303.974046,1158.652552
2019-06-07,1321.800238,1170.685701
2019-06-10,1326.349057,1178.018995
2019-06-11,1321.117362,1181.03513
2019-06-12,1323.423844,1178.475916
2019-06-13,1328.528781,1191.074866
2019-06-14,1327.466462,1176.360898
2019-06-17,1329.040073,1175.319138
2019-06-18,1339.773552,1198.537688
2019-06-19,1346.734516,1203.052772
2019-06-20,1359.742509,1220.370636
2019-06-21,1356.183901,1221.442468
2019-06-24,1355.923202,1203.838487
2019-06-25,1336.59628,1193.672095
2019-06-26,1329.010328,1207.937109
2019-06-27,1332.649711,1217.803078
2019-06-28,1340.241916,1230.984692
2019-07-01,1350.649435,1239.224179
2019-07-02,1357.542821,1227.209708
2019-07-03,1369.997236,1234.802834
2019-07-04,1369.997236,1234.802834
2019-07-05,1365.548102,1234.146144
2019-07-08,1360.103141,1225.461627
2019-07-09,1361.445148,1228.160441
2019-07-10,1369.937075,1232.436588
2019-07-11,1375.759596,1230.610271
2019-07-12,1383.119792,1238.471633
2019-07-15,1385.259614,1230.520612
2019-07-16,1379.128081,1229.628451
2019-07-17,1370.935008,1215.802192
2019-07-18,1377.36633,1199.508391
2019-07-19,1371.989518,1188.414172
2019-07-22,1377.715913,1188.728334
2019-07-23,1384.352477,1200.326425
2019-07-24,1395.059596,1216.586732
2019-07-25,1386.546776,1201.713757
2019-07-26,1395.724116,1214.717198
2019-07-29,1394.867123,1205.01088
2019-07-30,1396.028908,1201.629791
2019-07-31,1373.872932,1195.907435
2019-08-01,1373.435308,1173.00023
2019-08-02,1360.699273,1162.693217
2019-08-05,1319.680232,1122.538111
2019-08-06,1341.079587,1130.310436
2019-08-07,1348.319143,1129.439687
2019-08-08,1378.551798,1152.274534
2019-08-09,1368.348668,1138.786338
2019-08-12,1351.331206,1121.323855
2019-08-13,1372.316967,1135.125328
2019-08-14,1336.570745,1093.436112
2019-08-15,1342.814628,1083.530302
2019-08-16,1363.566521,1104.555241
2019-08-19,1381.739361,1120.502886
2019-08-20,1374.317667,1114.336252
2019-08-21,1386.942907,1119.001557
2019-08-22,1380.904424,1112.837902
2019-08-23,1343.915056,1085.806357
2019-08-26,1361.737489,1099.1089
2019-08-27,1362.191443,1091.603627
2019-08-28,1367.882032,1096.163287
2019-08-29,1383.166241,1110.240708
2019-08-30,1381.441152,1104.387865
2019-09-02,1381.441152,1104.387865
2019-09-03,1370.274704,1089.573553
2019-09-04,1387.506094,1105.50074
2019-09-05,1406.320023,1120.654533
2019-09-06,1408.047932,1128.659056
2019-09-09,1399.223312,1148.067683
2019-09-10,1395.172351,1160.30509
2019-09-11,1407.158269,1176.170984
2019-09-12,1412.68288,1173.68598
2019-09-13,1406.456242,1178.674637
2019-09-16,1399.530839,1201.455355
2019-09-17,1407.025417,1185.063753
2019-09-18,1408.151349,1168.766164
2019-09-19,1409.977765,1161.310592
2019-09-20,1404.077898,1155.74121
2019-09-23,1404.462197,1156.404391
2019-09-24,1394.57229,1130.692504
2019-09-25,1403.238534,1143.226346
2019-09-26,1402.399818,1131.32426
2019-09-27,1393.003645,1122.747577
2019-09-30,1403.575396,1126.558881
2019-10-01,1390.160887,1103.313586
2019-10-02,1364.623615,1076.965444
2019-10-03,1377.216097,1085.543479
2019-10-04,1398.69951,1092.005478
2019-10-07,1393.654631,1085.711675
2019-10-08,1372.292723,1063.930475
2019-10-09,1386.928862,1075.348319
2019-10-10,1394.798002,1088.749726
2019-10-11,1409.84843,1120.720973
2019-10-14,1406.926365,1113.863649
2019-10-15,1418.470363,1131.082229
2019-10-16,1414.434799,1126.303987
2019-10-17,1417.432003,1133.238131
2019-10-18,1412.655257,1117.25472
2019-10-21,1419.56156,1131.654371
2019-10-22,1411.825953,1147.239016
2019-10-23,1415.314286,1159.185015
2019-10-24,1423.008357,1143.186183
2019-10-25,1431.493926,1149.275537
2019-10-28,1444.528575,1153.987419
2019-10-29,1439.226352,1141.453691
2019-10-30,1445.362448,1114.270968
2019-10-31,1443.180043,1101.715306
2019-11-01,1456.717539,1134.477834
2019-11-04,1457.307676,1165.69513
2019-11-05,1452.932618,1182.655413
2019-11-06,1453.755796,1178.629004
2019-11-07,1453.960845,1189.799191
2019-11-08,1462.299429,1196.292475
2019-11-11,1460.466895,1192.954732
2019-11-12,1467.686453,1200.07933
2019-11-13,1469.669427,1194.902016
2019-11-14,1472.462576,1197.301221
2019-11-15,1483.488741,1216.121799
2019-11-18,1485.980523,1206.324286
2019-11-19,1490.391929,1205.637591
2019-11-20,1485.746504,1195.048818
2019-11-21,1482.5869,1194.580983
2019-11-22,1485.565533,1192.717094
2019-11-25,1495.323718,1215.415352
2019-11-26,1501.317957,1211.241388
2019-11-27,1508.27572,1227.468015
2019-11-28,1508.27572,1227.468015
2019-11-29,1503.040947,1220.713522
2019-12-02,1489.808866,1205.186228
2019-12-03,1486.389171,1199.994282
2019-12-04,1493.76503,1201.709938
2019-12-05,1495.617401,1202.452942
2019-12-06,1507.045356,1226.206921
2019-12-09,1502.963122,1226.475501
2019-12-10,1499.775548,1224.209571
2019-12-11,1504.7958949046,1222.2902835603
2019-12-12,1510.7602677086,1236.8822712946
2019-12-13,1514.8540657592,1240.8109277614
2019-12-16,1526.6199984113,1260.0752739119
2019-12-17,1525.5474521097,1265.4264517620
2019-12-18,1525.0599613893,1275.3138884546
2019-12-19,1535.5526438528,1278.5453510668
2019-12-20,1546.3438185496,1283.1533573294
2019-12-23,1545.7302295702,1296.3485717932
2019-12-24,1545.8857915353,1296.4527315357
2019-12-25,1545.8857915353,1296.4527315357
2019-12-26,1551.7879223697,1304.1981842611
2019-12-27,1553.2955362209,1302.3151173363
2019-12-30,1541.5513917614,1293.7250457695
2019-12-31,1544.5320079656,1301.5669991163
2020-01-01,1544.5320079656,1301.5669991163
2020-01-02,1558.5066819431,1308.7219842278
2020-01-03,1550.1721532375,1301.2049820613
2020-01-06,1554.0721442251,1309.5362876190
2020-01-07,1551.8959291305,1326.5359038455
2020-01-08,1562.9970855028,1330.5555305964
2020-01-09,1572.5673153549,1331.0498641442
2020-01-10,1570.5774729939,1324.9861427153
2020-01-13,1581.8729631089,1331.0970465191
2020-01-14,1580.5334404165,1332.2040422943
2020-01-15,1591.9187577081,1335.1914988607
2020-01-16,1603.1561631182,1343.5883094292
2020-01-17,1609.6400453518,1348.8914305163
2020-01-20,1609.6400453518,1348.8914305163
2020-01-21,1605.8244836633,1341.9675209757
2020-01-22,1608.2000833443,1331.4055740913
2020-01-23,1608.1239376802,1336.6139106902
2020-01-24,1595.0151176098,1326.2239882401
2020-01-27,1575.7468118727,1302.1826629271
2020-01-28,1584.1170412866,1314.5965032033
2020-01-29,1582.3200520845,1312.5671326230
2020-01-30,1579.9500367468,1316.1736224508
2020-01-31,1548.3161603689,1284.8070944410
2020-02-03,1561.1186097893,1299.1770975791
2020-02-04,1582.3746210530,1310.8556758013
2020-02-05,1595.3665675023,1327.7476562292
2020-02-06,1597.4089531177,1333.7698602052
2020-02-07,1589.2713387872,1318.3641394357
2020-02-10,1600.1655930058,1326.8134602620
2020-02-11,1604.0964035307,1328.7198053418
2020-02-12,1612.0955725642,1340.3968775678
2020-02-13,1614.6225124600,1338.7124023915
2020-02-14,1623.3518214257,1339.9180246813
2020-02-17,1623.3518214257,1339.9180246813
2020-02-18,1618.7314839440,1330.3151222370
2020-02-19,1624.6414800602,1341.7981763566
2020-02-20,1620.2046302513,1346.8346667011
2020-02-21,1609.3785195274,1323.1166123331
2020-02-24,1564.9295902474,1275.3560726527
2020-02-25,1515.9130661643,1225.4166552457
2020-02-26,1506.9563088988,1209.0461530925
2020-02-27,1453.2380555790,1161.6269375720
2020-02-28,1438.2115701792,1179.1377629122
2020-03-02,1503.8892368774,1203.7148119427
2020-03-03,1471.7590317142,1168.1832666688
2020-03-04,1536.4917103969,1201.6517892929
2020-03-05,1487.3450356556,1150.5321753801
2020-03-06,1466.0940480807,1115.0372847118
2020-03-09,1357.5678045369,1009.7988283680
2020-03-10,1417.9936315035,1067.6173221317
2020-03-11,1345.7226542506,1001.6363080199
2020-03-12,1225.5582296309,891.3355265704
2020-03-13,1327.6592629367,957.4657797758
2020-03-16,1174.7023635320,815.3367906684
2020-03-17,1232.4320724675,846.1538723973
2020-03-18,1156.0125721894,768.6354722158
2020-03-19,1175.0238336346,801.5247583849
2020-03-20,1128.1590010883,789.9429192686
2020-03-23,1093.7427605661,791.0963226603
2020-03-24,1202.7712873230,884.7957855324
2020-03-25,1222.8838958360,911.2775012632
2020-03-26,1296.5531574565,932.2465527689
2020-03-27,1246.9720385502,890.3292280825
2020-03-30,1286.7593130855,903.9605352564
2020-03-31,1265.8718152426,902.5805215145
2020-04-01,1213.0419993377,847.9827381555
2020-04-02,1242.7162134478,839.3484602314
2020-04-03,1226.8330955515,828.5639895640
2020-04-06,1302.8738819382,907.0683521698
2020-04-07,1295.3971502005,917.5268562440
2020-04-08,1330.0962103823,974.1242904933
2020-04-09,1338.4719699326,987.9615272959
2020-04-10,1338.4719699326,987.9615272959
2020-04-13,1338.4719699326,987.9615272959
2020-04-14,1367.3013415686,981.5061503719
2020-04-15,1341.2330200694,955.8504728811
2020-04-16,1348.1854778366,953.8556061796
2020-04-17,1383.5883815101,999.1047959078
2020-04-20,1367.9067328668,966.7880621063
2020-04-21,1326.5864518540,939.5388487982
2020-04-22,1356.4548395293,951.6827508391
2020-04-23,1356.7701354128,968.7539729233
2020-04-24,1376.9163459463,981.9611688720
2020-04-27,1393.6619370689,1014.2060344066
2020-04-28,1380.1830547191,1036.2633748589
2020-04-29,1412.6923802458,1089.9805035761
2020-04-30,1403.5504472235,1070.3472639841
2020-05-01,1376.5179080523,1014.9493119196
2020-05-04,1382.1722122239,1011.0243145780
2020-05-05,1398.7486309650,1011.2049808208
2020-05-06,1400.7530977350,986.6208787371
2020-05-07,1411.8522397201,1000.2047834125
2020-05-08,1432.1447714483,1033.6982697282
2020-05-11,1446.3122442171,1019.5048070213
2020-05-12,1425.7954364972,998.7664025907
2020-05-13,1411.8609676165,960.1147088372
2020-05-14,1424.4258944035,975.4181641308
2020-05-15,1435.1351407651,972.7443484959
2020-05-18,1461.7362318095,1053.5080708497
2020-05-19,1450.1693191160,1037.8606488962
2020-05-20,1471.7215263935,1064.2700648868
2020-05-21,1459.6037171028,1058.8013810596
2020-05-22,1465.9883825023,1058.5592654405
2020-05-25,1465.9883825023,1058.5592654405
2020-05-26,1464.7492300406,1099.0714089147
2020-05-27,1472.9713563265,1128.3181298565
2020-05-28,1475.6048806778,1100.6274482101
2020-05-29,1493.0917750908,1088.6123740312
2020-06-01,1497.2991758871,1106.9966845896
2020-06-02,1506.8303139348,1128.5094933951
2020-06-03,1512.5362695208,1160.4807892494
2020-06-04,1496.1253906868,1165.0124996727
2020-06-05,1521.3000157282,1228.3109957798
2020-06-08,1531.5585196419,1281.8144774517
2020-06-09,1521.6448618482,1241.1642903623
2020-06-10,1521.3404251583,1191.2878473345
2020-06-11,1446.9964412529,1100.7131225078
2020-06-12,1456.0120952645,1138.6662220849
2020-06-15,1468.4572582434,1147.2821965319
2020-06-16,1499.9784388965,1171.8685699599
2020-06-17,1501.6219060991,1147.6548742893
2020-06-18,1503.5742271864,1149.4987862044
2020-06-19,1504.9385963937,1128.5854095914
2020-06-22,1508.7722195982,1131.1451021516
2020-06-23,1512.0230709098,1136.6710121320
2020-06-24,1479.2896445378,1085.6258996574
2020-06-25,1496.1304027500,1102.1505990729
2020-06-26,1470.3065775383,1071.3761033928
2020-06-29,1486.1083133493,1103.6275608226
2020-06-30,1505.7238475732,1124.3538723151
2020-07-01,1517.2364185205,1113.2395314816
2020-07-02,1526.6789426668,1123.9900704039
2020-07-03,1526.6789426668,1123.9900704039
2020-07-06,1543.2641105014,1138.2206126466
2020-07-07,1504.5624197530,1130.7431557024
2020-07-08,1510.6770648892,1134.0340922418
2020-07-09,1465.2891098357,1113.9403673899
2020-07-10,1495.6760657790,1143.6448422843
2020-07-13,1496.2255546781,1136.6543046169
2020-07-14,1532.2800766036,1156.3009374209
2020-07-15,1570.8554577771,1175.7211543245
2020-07-16,1568.8827391259,1172.0989794189
2020-07-17,1564.5780953201,1175.1232307262
2020-07-20,1545.2736600075,1180.1476516719
2020-07-21,1572.6802812411,1189.4863769315
2020-07-22,1575.0404644109,1199.0988471965
2020-07-23,1570.5339589705,1193.0472592026
2020-07-24,1556.7675395274,1176.0725933762
2020-07-27,1552.2334782420,1197.7139938452
2020-07-28,1545.8889873544,1185.4639952930
2020-07-29,1580.0343853451,1201.3448465082
2020-07-30,1568.1961596570,1193.6946909136
2020-07-31,1552.1097920717,1185.3555306586
2020-08-03,1565.2455886257,1198.5834190053
2020-08-04,1582.1561460013,1210.6844125817
2020-08-05,1607.7966998091,1218.6529005475
2020-08-06,1608.6528962477,1227.3024274644
2020-08-07,1603.1820234807,1236.0468642118
2020-08-10,1600.7988662639,1266.9105452290
2020-08-11,1597.5045165570,1267.8952818713
2020-08-12,1617.3746900283,1268.9523177724
2020-08-13,1615.8838800395,1260.0119392549
2020-08-14,1611.4666688578,1264.3177418672
2020-08-17,1629.1577040757,1264.3539225341
2020-08-18,1631.8601200984,1245.7781561081
2020-08-19,1630.1769957302,1251.4897800559
2020-08-20,1628.7487804746,1237.3763171349
2020-08-21,1625.1762456083,1228.9535489925
2020-08-24,1637.5527680600,1254.7721142255
2020-08-25,1648.6432165893,1248.0391890428
2020-08-26,1660.6554997341,1239.8301991112
2020-08-27,1663.0415726944,1258.7744486842
2020-08-28,1679.0489951904,1272.3245458134
2020-08-31,1671.9136641466,1251.2800336556
2020-09-01,1686.5919802012,1269.1157623690
2020-09-02,1711.4184151375,1285.2706853529
2020-09-03,1654.8062349063,1259.4223473035
2020-09-04,1630.9340255241,1254.9907889335
2020-09-07,1630.9340255241,1254.9907889335
2020-09-08,1599.0447637490,1224.3564908661
2020-09-09,1633.0869080363,1229.5021837700
2020-09-10,1608.3788596856,1227.5857117052
2020-09-11,1608.8697408540,1201.9158603966
2020-09-14,1638.2505891258,1228.2776036201
2020-09-15,1645.9313012996,1216.8147891346
2020-09-16,1645.0966013931,1238.5410225303
2020-09-17,1634.7174549638,1234.1116905819
2020-09-18,1622.3584275944,1216.9499433881
2020-09-21,1601.7958226471,1168.4968529205
2020-09-22,1619.3072565799,1179.5393088479
2020-09-23,1588.7013341470,1144.9827386214
2020-09-24,1591.7486789086,1141.7896025835
2020-09-25,1610.6910959119,1162.6027733725
2020-09-28,1636.4706121637,1192.7942538330
2020-09-29,1631.0121026920,1177.8582014983
2020-09-30,1639.8714067134,1180.9167103108
2020-10-01,1652.4626305423,1194.4723840148
2020-10-02,1637.9447333683,1194.8160776298
2020-10-05,1664.9897429785,1217.9587636860
2020-10-06,1649.0312366624,1215.3085364956
2020-10-07,1675.7087775131,1242.7449092976
2020-10-08,1685.7740984173,1258.9356873588
2020-10-09,1703.2252055918,1260.7170486179
2020-10-12,1719.8324599527,1255.3814170976
2020-10-13,1714.1996588672,1231.8706019041
2020-10-14,1701.8947300784,1242.3906307513
2020-10-15,1697.3095533742,1246.4541485015
2020-10-16,1701.4126832642,1231.3520975361
2020-10-19,1676.3229183727,1223.8551834484
2020-10-20,1678.0559575541,1239.0801645359
